"id","student_id","assignment_id","submission_date","submitted_on","total_marks","updated_at","created_at","created_by","updated_by","deleted_at"
"124","2","22","2014-05-10 00:00:00","2014-05-10 00:00:00",NULL,NULL,NULL,"0","0",NULL
"248","18","31","2014-11-22 00:00:00","2014-11-22 00:00:00",NULL,NULL,NULL,"0","0",NULL
"280","19","12","2014-12-27 00:00:00","2014-12-27 00:00:00",NULL,NULL,NULL,"0","0",NULL
"403","18","106","2016-07-09 00:00:00","2016-07-09 00:00:00",NULL,NULL,NULL,"0","0",NULL
"405","18","107","2016-07-16 00:00:00","2016-07-16 00:00:00",NULL,NULL,NULL,"0","0",NULL
"407","18","109","2016-09-17 00:00:00","2016-09-17 00:00:00",NULL,NULL,NULL,"0","0",NULL
"409","18","111","2016-09-17 00:00:00","2016-09-17 00:00:00",NULL,NULL,NULL,"0","0",NULL
"412","18","114","2016-09-17 00:00:00","2016-09-17 00:00:00",NULL,NULL,NULL,"0","0",NULL
"414","4","27","2016-09-17 00:00:00","2016-09-17 00:00:00",NULL,NULL,NULL,"0","0",NULL
"415","4","28","2016-09-17 00:00:00","2016-09-17 00:00:00",NULL,NULL,NULL,"0","0",NULL
"416","4","29","2016-09-17 00:00:00","2016-09-17 00:00:00",NULL,NULL,NULL,"0","0",NULL
"418","4","31","2016-09-17 00:00:00","2016-09-17 00:00:00",NULL,NULL,NULL,"0","0",NULL
"419","4","32","2016-09-24 00:00:00","2016-09-24 00:00:00",NULL,NULL,NULL,"0","0",NULL
"422","4","34","2016-09-24 00:00:00","2016-09-24 00:00:00",NULL,NULL,NULL,"0","0",NULL
"424","4","35","2016-09-24 00:00:00","2016-09-24 00:00:00",NULL,NULL,NULL,"0","0",NULL
"427","4","37","2016-09-24 00:00:00","2016-09-24 00:00:00",NULL,NULL,NULL,"0","0",NULL
"428","4","38","2016-09-24 00:00:00","2016-09-24 00:00:00",NULL,NULL,NULL,"0","0",NULL
"429","4","39","2016-09-24 00:00:00","2016-09-24 00:00:00",NULL,NULL,NULL,"0","0",NULL
"430","4","40","2016-09-24 00:00:00","2016-09-24 00:00:00",NULL,NULL,NULL,"0","0",NULL
"431","4","41","2016-09-28 00:00:00","2016-09-28 00:00:00",NULL,NULL,NULL,"0","0",NULL
"432","4","42","2016-09-29 00:00:00","2016-09-29 00:00:00",NULL,NULL,NULL,"0","0",NULL
"437","18","111","2016-09-17 00:00:00","2016-09-17 00:00:00",NULL,NULL,NULL,"0","0",NULL
"440","18","49","2016-10-01 00:00:00","2016-10-01 00:00:00",NULL,NULL,NULL,"0","0",NULL
"442","18","51","2016-10-01 00:00:00","2016-10-01 00:00:00",NULL,NULL,NULL,"0","0",NULL
"443","18","57","2016-10-01 00:00:00","2016-10-01 00:00:00",NULL,NULL,NULL,"0","0",NULL
"446","18","60","2016-10-08 00:00:00","2016-10-08 00:00:00",NULL,NULL,NULL,"0","0",NULL
"447","18","66","2016-10-08 00:00:00","2016-10-08 00:00:00",NULL,NULL,NULL,"0","0",NULL
"448","18","67","2016-10-08 00:00:00","2016-10-08 00:00:00",NULL,NULL,NULL,"0","0",NULL
"449","18","68","2016-10-08 00:00:00","2016-10-08 00:00:00",NULL,NULL,NULL,"0","0",NULL
"451","18","69","2016-10-08 00:00:00","2016-10-08 00:00:00",NULL,NULL,NULL,"0","0",NULL
"452","18","70","2016-10-08 00:00:00","2016-10-08 00:00:00",NULL,NULL,NULL,"0","0",NULL
"453","18","71","2016-10-08 00:00:00","2016-10-08 00:00:00",NULL,NULL,NULL,"0","0",NULL
"454","18","72","2016-10-08 00:00:00","2016-10-08 00:00:00",NULL,NULL,NULL,"0","0",NULL
"456","18","22","2016-10-01 00:00:00","2016-10-01 00:00:00",NULL,NULL,NULL,"0","0",NULL
"457","18","50","2016-10-01 00:00:00","2016-10-01 00:00:00",NULL,NULL,NULL,"0","0",NULL
"458","18","59","2016-10-01 00:00:00","2016-10-01 00:00:00",NULL,NULL,NULL,"0","0",NULL
"460","18","75","2016-10-29 00:00:00","2016-10-29 00:00:00",NULL,NULL,NULL,"0","0",NULL
"462","18","77","2016-10-29 00:00:00","2016-10-29 00:00:00",NULL,NULL,NULL,"0","0",NULL
"463","18","78","2016-10-29 00:00:00","2016-10-29 00:00:00",NULL,NULL,NULL,"0","0",NULL
"464","18","79","2016-10-29 00:00:00","2016-10-29 00:00:00",NULL,NULL,NULL,"0","0",NULL
"465","18","80","2016-10-29 00:00:00","2016-10-29 00:00:00",NULL,NULL,NULL,"0","0",NULL
"466","18","82","2016-10-29 00:00:00","2016-10-29 00:00:00",NULL,NULL,NULL,"0","0",NULL
"467","18","83","2016-10-29 00:00:00","2016-10-29 00:00:00",NULL,NULL,NULL,"0","0",NULL
"468","18","84","2016-10-29 00:00:00","2016-10-29 00:00:00",NULL,NULL,NULL,"0","0",NULL
"469","18","85","2016-10-29 00:00:00","2016-10-29 00:00:00",NULL,NULL,NULL,"0","0",NULL
"470","18","90","2016-10-29 00:00:00","2016-10-29 00:00:00",NULL,NULL,NULL,"0","0",NULL
"471","18","91","2016-10-29 00:00:00","2016-10-29 00:00:00",NULL,NULL,NULL,"0","0",NULL
"472","18","92","2016-10-29 00:00:00","2016-10-29 00:00:00",NULL,NULL,NULL,"0","0",NULL
"473","8","1","2016-11-11 00:00:00","2016-11-11 00:00:00",NULL,NULL,NULL,"0","0",NULL
"474","35","1","2016-01-09 00:00:00","2016-01-09 00:00:00",NULL,NULL,NULL,"0","0",NULL
"475","35","2","2016-01-09 00:00:00","2016-01-09 00:00:00",NULL,NULL,NULL,"0","0",NULL
"476","18","174","2016-12-03 00:00:00","2016-12-03 00:00:00",NULL,NULL,NULL,"0","0",NULL
"477","18","175","2016-12-03 00:00:00","2016-12-03 00:00:00",NULL,NULL,NULL,"0","0",NULL
"478","18","176","2016-12-10 00:00:00","2016-12-10 00:00:00",NULL,NULL,NULL,"0","0",NULL
"479","18","177","2016-12-10 00:00:00","2016-12-10 00:00:00",NULL,NULL,NULL,"0","0",NULL
"480","18","178","2016-12-10 00:00:00","2016-12-10 00:00:00",NULL,NULL,NULL,"0","0",NULL
"481","18","179","2016-12-10 00:00:00","2016-12-10 00:00:00",NULL,NULL,NULL,"0","0",NULL
"482","18","180","2016-12-10 00:00:00","2016-12-10 00:00:00",NULL,NULL,NULL,"0","0",NULL
"483","18","181","2016-12-10 00:00:00","2016-12-10 00:00:00",NULL,NULL,NULL,"0","0",NULL
"484","18","182","2016-12-10 00:00:00","2016-12-10 00:00:00",NULL,NULL,NULL,"0","0",NULL
"485","18","183","2016-12-10 00:00:00","2016-12-10 00:00:00",NULL,NULL,NULL,"0","0",NULL
"486","18","184","2016-12-10 00:00:00","2016-12-10 00:00:00",NULL,NULL,NULL,"0","0",NULL
"487","18","185","2016-12-10 00:00:00","2016-12-10 00:00:00",NULL,NULL,NULL,"0","0",NULL
"488","18","186","2016-12-10 00:00:00","2016-12-10 00:00:00",NULL,NULL,NULL,"0","0",NULL
"489","18","187","0000-00-00 00:00:00","0000-00-00 00:00:00",NULL,NULL,NULL,"0","0",NULL
"494","2","207","2017-03-30 00:00:00","2017-03-30 00:00:00",NULL,"2017-03-21 03:07:09","2017-03-20 14:37:09","0","0",NULL
"513","2","160","2017-03-12 00:00:00","2017-03-12 00:00:00",NULL,"2017-03-29 04:51:28","2017-03-28 16:21:28","0","0",NULL
"514","2","162","2017-03-12 00:00:00","2017-03-12 00:00:00",NULL,"2017-03-29 05:06:10","2017-03-28 16:36:10","0","0",NULL
"515","2","163","2017-03-31 00:00:00","2017-03-31 00:00:00",NULL,"2017-03-30 16:54:59","2017-03-30 04:24:59","0","0",NULL
"518","2","74","2017-05-19 10:00:00","2017-05-19 10:00:00",NULL,"2017-05-04 11:03:34","2017-05-04 11:03:34","1","1",NULL
"519","2","164","2017-05-15 00:00:00","2017-05-15 00:00:00",NULL,"2017-05-04 15:45:55","2017-05-04 15:45:55","1","1",NULL
"520","2","165","2017-05-15 00:00:00","2017-05-15 00:00:00",NULL,"2017-05-04 15:46:16","2017-05-04 15:46:16","1","1",NULL
"521","44","216","2017-08-27 00:00:00","2017-08-27 00:00:00",NULL,"2017-08-15 08:04:03","2017-08-14 19:34:03","1","1",NULL
"522","44","217","2017-08-31 00:00:00","2017-08-31 00:00:00",NULL,"2017-08-15 08:07:00","2017-08-14 19:37:00","1","1",NULL
"523","44","218","2017-09-03 00:00:00","2017-09-03 00:00:00",NULL,"2017-08-15 08:07:38","2017-08-14 19:37:38","1","1",NULL
"524","2","223","2017-09-24 00:00:00","2017-09-24 00:00:00",NULL,"2017-09-17 06:19:25","2017-09-16 17:49:25","1","1",NULL
"525","2","224","2017-09-30 00:00:00","2017-09-30 00:00:00",NULL,"2017-09-17 06:27:24","2017-09-16 17:57:24","1","1",NULL
"526","2","225","2017-09-30 00:00:00","2017-09-30 00:00:00",NULL,"2017-09-17 06:27:41","2017-09-16 17:57:41","1","1",NULL
"527","2","226","2017-09-30 00:00:00","2017-09-30 00:00:00",NULL,"2017-09-17 06:27:57","2017-09-16 17:57:57","1","1",NULL
"528","2","227","2017-09-30 00:00:00","2017-09-30 00:00:00",NULL,"2017-09-17 06:28:16","2017-09-16 17:58:16","1","1",NULL
"529","2","228","2017-09-30 00:00:00","2017-09-30 00:00:00",NULL,"2017-09-17 06:28:33","2017-09-16 17:58:33","1","1",NULL
"530","2","229","2017-09-30 00:00:00","2017-09-30 00:00:00",NULL,"2017-09-17 06:28:49","2017-09-16 17:58:49","1","1",NULL
"531","2","229","2017-10-21 00:00:00","2017-10-21 00:00:00",NULL,"2017-10-01 16:44:18","2017-10-01 04:14:18","1","1",NULL
"532","6","1","2017-10-13 00:00:00","2017-10-13 00:00:00",NULL,"2017-10-01 16:46:14","2017-10-01 04:16:14","1","1",NULL
"533","44","219","2017-10-22 00:00:00","2017-10-22 00:00:00",NULL,"2017-10-10 11:26:59","2017-10-09 22:56:59","1","1",NULL
"534","44","220","2017-10-22 00:00:00","2017-10-22 00:00:00",NULL,"2017-10-10 11:27:22","2017-10-09 22:57:22","1","1",NULL
"535","44","221","2017-10-22 00:00:00","2017-10-22 00:00:00",NULL,"2017-10-10 11:27:48","2017-10-09 22:57:48","1","1",NULL
"536","44","237","2017-11-30 00:00:00","2017-11-30 00:00:00",NULL,"2017-11-17 15:25:04","2017-11-17 02:55:04","1","1",NULL
"537","2","223","2017-12-31 00:00:00","2017-12-31 00:00:00",NULL,"2017-12-14 06:19:33","2017-12-13 17:49:33","1","1",NULL
"538","2","224","2017-12-31 00:00:00","2017-12-31 00:00:00",NULL,"2017-12-14 06:19:47","2017-12-13 17:49:47","1","1",NULL
"539","2","225","2017-12-31 00:00:00","2017-12-31 00:00:00",NULL,"2017-12-14 06:20:02","2017-12-13 17:50:02","1","1",NULL
"540","2","226","2017-12-31 00:00:00","2017-12-31 00:00:00",NULL,"2017-12-14 06:20:31","2017-12-13 17:50:31","1","1",NULL
"541","2","227","2017-12-31 00:00:00","2017-12-31 00:00:00",NULL,"2017-12-14 06:20:47","2017-12-13 17:50:47","1","1",NULL
"542","2","228","2017-12-31 00:00:00","2017-12-31 00:00:00",NULL,"2017-12-14 06:21:03","2017-12-13 17:51:03","1","1",NULL
"543","2","229","2017-12-31 00:00:00","2017-12-31 00:00:00",NULL,"2017-12-14 06:21:21","2017-12-13 17:51:21","1","1",NULL
"544","2","230","2017-12-31 00:00:00","2017-12-31 00:00:00",NULL,"2017-12-14 06:21:47","2017-12-13 17:51:47","1","1",NULL
"545","2","231","2017-12-31 00:00:00","2017-12-31 00:00:00",NULL,"2017-12-14 06:22:02","2017-12-13 17:52:02","1","1",NULL
"546","2","232","2017-12-31 00:00:00","2017-12-31 00:00:00",NULL,"2017-12-14 06:22:24","2017-12-13 17:52:24","1","1",NULL
"547","2","233","2017-12-31 00:00:00","2017-12-31 00:00:00",NULL,"2017-12-14 06:22:49","2017-12-13 17:52:49","1","1",NULL
"548","2","235","2017-12-31 00:00:00","2017-12-31 00:00:00",NULL,"2017-12-14 06:23:45","2017-12-13 17:53:45","1","1",NULL
"549","2","234","2017-12-31 00:00:00","2017-12-31 00:00:00",NULL,"2017-12-14 06:24:07","2017-12-13 17:54:07","1","1",NULL
"550","2","236","2017-12-31 00:00:00","2017-12-31 00:00:00",NULL,"2017-12-14 06:24:24","2017-12-13 17:54:24","1","1",NULL
"551","2","216","2017-12-31 00:00:00","2017-12-31 00:00:00",NULL,"2017-12-28 05:08:29","2017-12-27 16:38:29","1","1",NULL
"552","2","217","2017-12-31 00:00:00","2017-12-31 00:00:00",NULL,"2017-12-28 05:08:49","2017-12-27 16:38:49","1","1",NULL
"553","2","218","2017-12-31 00:00:00","2017-12-31 00:00:00",NULL,"2017-12-28 05:09:04","2017-12-27 16:39:04","1","1",NULL
"554","2","219","2017-12-31 00:00:00","2017-12-31 00:00:00",NULL,"2017-12-28 05:09:23","2017-12-27 16:39:23","1","1",NULL
"555","2","220","2018-01-07 00:00:00","2018-01-07 00:00:00",NULL,"2018-01-25 05:16:49","2018-01-24 16:46:49","1","1",NULL
"556","2","221","2018-01-07 00:00:00","2018-01-07 00:00:00",NULL,"2018-01-25 05:17:16","2018-01-24 16:47:16","1","1",NULL
"557","2","222","2018-01-07 00:00:00","2018-01-07 00:00:00",NULL,"2018-01-25 05:17:37","2018-01-24 16:47:37","1","1",NULL
"558","2","237","2018-01-07 00:00:00","2018-01-07 00:00:00",NULL,"2018-01-25 05:17:55","2018-01-24 16:47:55","1","1",NULL
"559","2","238","2018-03-18 00:00:00","2018-03-18 00:00:00",NULL,"2018-03-08 08:00:23","2018-03-07 19:30:23","1","1",NULL
"560","2","239","2018-03-18 00:00:00","2018-03-18 00:00:00",NULL,"2018-03-08 08:00:44","2018-03-07 19:30:44","1","1",NULL
"561","2","240","2018-03-18 00:00:00","2018-03-18 00:00:00",NULL,"2018-03-08 08:01:05","2018-03-07 19:31:05","1","1",NULL
"562","2","241","2018-03-18 00:00:00","2018-03-18 00:00:00",NULL,"2018-03-08 08:01:24","2018-03-07 19:31:24","1","1",NULL
"563","2","242","2018-03-18 00:00:00","2018-03-18 00:00:00",NULL,"2018-03-08 08:01:43","2018-03-07 19:31:43","1","1",NULL
"564","2","243","2018-03-18 00:00:00","2018-03-18 00:00:00",NULL,"2018-03-08 08:01:59","2018-03-07 19:31:59","1","1",NULL
"565","2","244","2018-03-18 00:00:00","2018-03-18 00:00:00",NULL,"2018-03-08 08:02:19","2018-03-07 19:32:19","1","1",NULL
"566","2","246","2018-04-15 00:00:00","2018-04-15 00:00:00",NULL,"2018-04-11 03:41:27","2018-04-10 15:11:27","1","1",NULL
"567","2","250","2018-05-27 00:00:00","2018-05-27 00:00:00",NULL,"2018-05-13 12:44:59","2018-05-13 00:14:59","1","1",NULL
"568","2","251","2018-05-27 00:00:00","2018-05-27 00:00:00",NULL,"2018-05-13 12:45:12","2018-05-13 00:15:12","1","1",NULL
"569","2","252","2018-05-27 00:00:00","2018-05-27 00:00:00",NULL,"2018-05-13 12:45:25","2018-05-13 00:15:25","1","1",NULL
"570","2","257","2018-09-30 00:00:00","2018-09-30 00:00:00",NULL,"2018-09-25 17:04:12","2018-09-25 04:34:12","1","1",NULL
"571","2","258","2018-09-30 00:00:00","2018-09-30 00:00:00",NULL,"2018-09-25 17:04:28","2018-09-25 04:34:28","1","1",NULL
"572","2","259","2018-09-30 00:00:00","2018-09-30 00:00:00",NULL,"2018-09-25 17:04:49","2018-09-25 04:34:49","1","1",NULL
"573","2","260","2018-09-30 00:00:00","2018-09-30 00:00:00",NULL,"2018-09-25 17:05:12","2018-09-25 04:35:12","1","1",NULL
"574","50","261","2018-10-31 00:00:00","2018-10-31 00:00:00",NULL,"2018-10-16 12:50:50","2018-10-16 00:20:50","1","1",NULL
"576","55","261","2018-10-31 00:00:00","2018-10-31 00:00:00",NULL,"2018-10-24 16:53:29","2018-10-24 04:23:29","1","1",NULL
"577","57","1","2018-10-31 00:00:00","2018-10-31 00:00:00",NULL,"2018-10-30 03:25:57","2018-10-29 14:55:57","1","1",NULL
"578","58","17","2018-11-06 00:00:00","2018-11-06 00:00:00",NULL,"2018-10-31 16:54:40","2018-10-31 04:24:40","1","1",NULL
"579","82","17","2019-02-24 00:00:00","2019-02-24 00:00:00",NULL,"2019-02-14 03:41:17","2019-02-13 15:11:17","1","1",NULL
"580","92","17","2019-06-09 00:00:00","2019-06-09 00:00:00",NULL,"2019-06-02 02:59:28","2019-06-01 14:29:28","1","1",NULL
"581","92","18","2019-06-09 00:00:00","2019-06-09 00:00:00",NULL,"2019-06-02 02:59:47","2019-06-01 14:29:47","1","1",NULL
"582","92","19","2019-06-09 00:00:00","2019-06-09 00:00:00",NULL,"2019-06-02 03:00:09","2019-06-01 14:30:09","1","1",NULL
"583","92","20","2019-06-09 00:00:00","2019-06-09 00:00:00",NULL,"2019-06-02 03:00:36","2019-06-01 14:30:36","1","1",NULL
"584","92","21","2019-06-09 00:00:00","2019-06-09 00:00:00",NULL,"2019-06-02 03:01:02","2019-06-01 14:31:02","1","1",NULL
"585","92","22","2019-06-09 00:00:00","2019-06-09 00:00:00",NULL,"2019-06-02 03:01:22","2019-06-01 14:31:22","1","1",NULL
"586","92","23","2019-06-09 00:00:00","2019-06-09 00:00:00",NULL,"2019-06-02 03:01:42","2019-06-01 14:31:42","1","1",NULL
"587","92","52","2019-06-09 00:00:00","2019-06-09 00:00:00",NULL,"2019-06-02 03:02:17","2019-06-01 14:32:17","1","1",NULL
"588","92","55","2019-06-09 00:00:00","2019-06-09 00:00:00",NULL,"2019-06-02 03:02:35","2019-06-01 14:32:35","1","1",NULL
"589","93","17","2019-06-09 00:00:00","2019-09-06 12:12:10",NULL,"2019-09-07 00:42:10","2019-06-01 14:33:00","1","83",NULL
"590","93","18","2019-06-09 00:00:00","2019-09-06 12:23:32",NULL,"2019-09-07 00:53:32","2019-06-01 14:33:19","1","83",NULL
"591","93","19","2019-06-09 00:00:00","2019-09-06 12:24:06",NULL,"2019-09-07 00:54:06","2019-06-01 14:33:40","1","83",NULL
"592","93","20","2019-06-09 00:00:00","2019-09-06 12:37:16",NULL,"2019-09-07 01:07:16","2019-06-01 14:34:02","1","83",NULL
"593","93","21","2019-06-09 00:00:00","2019-09-06 12:44:00",NULL,"2019-09-07 01:14:00","2019-06-01 14:34:21","1","83",NULL
"594","93","22","2019-06-09 00:00:00","2019-09-06 13:02:33",NULL,"2019-09-07 01:32:33","2019-06-01 14:34:42","1","83",NULL
"595","93","23","2019-06-09 00:00:00","2019-09-09 00:06:46",NULL,"2019-09-09 12:36:46","2019-06-01 14:35:09","1","83",NULL
"596","93","52","2019-06-09 00:00:00","2019-09-09 01:01:05",NULL,"2019-09-09 13:31:05","2019-06-01 14:35:32","1","83",NULL
"597","93","55","2019-06-09 00:00:00","2019-09-09 01:18:43",NULL,"2019-09-09 13:48:43","2019-06-01 14:35:54","1","83",NULL
"598","93","56","2019-07-14 00:00:00","2019-09-09 01:26:28",NULL,"2019-09-09 13:56:28","2019-07-10 17:25:01","1","83",NULL
"599","93","61","2019-07-14 00:00:00","2019-09-09 01:32:31",NULL,"2019-09-09 14:02:31","2019-07-10 17:25:47","1","83",NULL
"600","93","62","2019-07-21 00:00:00","2019-09-09 01:44:38",NULL,"2019-09-09 14:14:38","2019-07-10 17:26:03","1","83",NULL
"601","93","63","2019-07-21 00:00:00","2019-09-09 01:39:49",NULL,"2019-09-09 14:09:49","2019-07-10 17:26:19","1","83",NULL
"602","93","64","2019-07-21 00:00:00","2019-09-09 00:42:49",NULL,"2019-09-09 13:12:49","2019-07-10 17:26:51","1","83",NULL
"603","93","65","2019-07-21 00:00:00","2019-09-09 00:26:28",NULL,"2019-09-09 12:56:28","2019-07-10 17:27:26","1","83",NULL
"604","95","238","2019-09-18 23:01:00",NULL,NULL,"2019-09-05 15:31:43","2019-09-05 03:01:43","1","1",NULL
"605","93","89","2019-09-28 00:00:00","2019-09-14 23:39:00",NULL,"2019-09-15 12:09:00","2019-09-14 15:05:42","1","83",NULL
"606","93","95","2019-09-28 00:00:00","2019-09-14 23:48:50",NULL,"2019-09-15 12:18:50","2019-09-14 15:06:17","1","83",NULL
"607","93","96","2019-09-28 00:00:00","2019-09-14 23:55:12",NULL,"2019-09-15 12:25:12","2019-09-14 15:06:50","1","83",NULL
"608","93","98","2019-09-28 00:00:00","2019-09-15 00:01:42",NULL,"2019-09-15 12:31:42","2019-09-14 15:07:27","1","83",NULL
"609","93","100","2019-09-28 00:00:00","2019-09-15 00:05:23",NULL,"2019-09-15 12:35:23","2019-09-14 15:07:58","1","83",NULL
"610","93","103","2019-09-28 00:00:00","2019-09-15 00:07:45",NULL,"2019-09-15 12:37:45","2019-09-14 15:08:42","1","83",NULL
"611","93","1","2019-09-28 00:08:00","2019-09-20 20:30:00",NULL,"2019-09-21 09:00:00","2019-09-20 04:08:31","1","83",NULL
"612","93","3","2019-09-28 00:09:00","2019-09-20 20:45:23",NULL,"2019-09-21 09:15:23","2019-09-20 04:09:22","1","83",NULL
"613","93","5","2019-09-28 00:09:00","2019-09-21 21:52:27",NULL,"2019-09-22 10:22:27","2019-09-20 04:09:57","1","83",NULL
"614","93","7","2019-09-28 00:12:00","2019-09-21 21:57:09",NULL,"2019-09-22 10:27:09","2019-09-20 04:12:11","1","83",NULL
"615","93","9","2019-09-28 00:12:00","2019-09-20 21:17:20",NULL,"2019-09-21 09:47:20","2019-09-20 04:12:54","1","83",NULL
"616","93","10","2019-09-28 00:13:00","2019-09-20 21:07:59",NULL,"2019-09-21 09:37:59","2019-09-20 04:13:32","1","83",NULL
"617","93","12","2019-10-26 00:00:00",NULL,NULL,"2019-10-24 15:45:15","2019-10-13 12:03:42","1","1","2019-10-24 03:15:15"
"618","93","14","2019-10-26 00:00:00",NULL,NULL,"2019-10-24 15:45:10","2019-10-13 12:04:12","1","1","2019-10-24 03:15:10"
"619","93","24","2019-10-26 00:00:00",NULL,NULL,"2019-10-24 15:45:04","2019-10-13 12:04:41","1","1","2019-10-24 03:15:04"
